month,channel,region,spend_amount,impressions,clicks,conversions,new_customers,campaign_id
2021-01,Paid Ads,North,16646.36,145480,3692,127,122,CAMP_01001
2021-01,Paid Ads,South,15147.89,121056,3620,152,122,CAMP_01002
2021-01,Paid Ads,East,14726.97,122864,2943,126,111,CAMP_01003
2021-01,Paid Ads,West,15184.39,142088,4174,172,111,CAMP_01004
2021-01,Paid Ads,Tier2,11711.31,91613,2696,115,89,CAMP_01005
2021-01,Organic,North,1939.6,30155,514,30,93,CAMP_01006
2021-01,Organic,South,1951.54,37081,605,39,93,CAMP_01007
2021-01,Organic,East,1819.3,30092,422,29,84,CAMP_01008
2021-01,Organic,West,1754.73,30617,512,31,84,CAMP_01009
2021-01,Organic,Tier2,1599.86,26899,393,23,67,CAMP_01010
2021-01,Referral,North,4712.66,17900,368,23,53,CAMP_01011
2021-01,Referral,South,5257.4,18741,375,24,53,CAMP_01012
2021-01,Referral,East,4112.13,20782,355,20,48,CAMP_01013
2021-01,Referral,West,4397.25,21097,389,19,48,CAMP_01014
2021-01,Referral,Tier2,3831.63,16656,299,19,39,CAMP_01015
2021-01,Influencer,North,6281.05,48590,1180,46,50,CAMP_01016
2021-01,Influencer,South,6797.11,44586,998,36,50,CAMP_01017
2021-01,Influencer,East,6389.24,44152,972,37,45,CAMP_01018
2021-01,Influencer,West,5634.23,49286,1058,39,45,CAMP_01019
2021-01,Influencer,Tier2,4425.11,37990,923,34,36,CAMP_01020
2021-02,Paid Ads,North,20898.11,169646,5159,185,152,CAMP_01021
2021-02,Paid Ads,South,21333.17,172367,4191,157,152,CAMP_01022
2021-02,Paid Ads,East,20067.7,149855,4057,168,138,CAMP_01023
2021-02,Paid Ads,West,20510.04,151332,3804,161,138,CAMP_01024
2021-02,Paid Ads,Tier2,16559.64,131577,3899,140,110,CAMP_01025
2021-02,Organic,North,2660.11,48896,808,59,110,CAMP_01026
2021-02,Organic,South,2818.84,40000,619,39,110,CAMP_01027
2021-02,Organic,East,2467.18,35679,520,36,100,CAMP_01028
2021-02,Organic,West,2653.28,35254,598,42,100,CAMP_01029
2021-02,Organic,Tier2,1842.03,30193,424,24,80,CAMP_01030
2021-02,Referral,North,6723.49,28934,619,39,70,CAMP_01031
2021-02,Referral,South,6321.32,25166,462,30,70,CAMP_01032
2021-02,Referral,East,5320.08,23352,444,29,64,CAMP_01033
2021-02,Referral,West,5238.37,21620,431,28,64,CAMP_01034
2021-02,Referral,Tier2,4892.88,17442,350,18,51,CAMP_01035
2021-02,Influencer,North,9161.65,63588,1484,52,63,CAMP_01036
2021-02,Influencer,South,8630.57,74593,1498,49,63,CAMP_01037
2021-02,Influencer,East,7890.87,58462,1191,46,57,CAMP_01038
2021-02,Influencer,West,7420.87,61104,1211,36,57,CAMP_01039
2021-02,Influencer,Tier2,5946.9,42289,937,32,46,CAMP_01040
2021-03,Paid Ads,North,20456.21,189621,4541,187,167,CAMP_01041
2021-03,Paid Ads,South,21658.13,187725,5372,246,167,CAMP_01042
2021-03,Paid Ads,East,19501.84,160113,4286,153,152,CAMP_01043
2021-03,Paid Ads,West,20200.96,177595,4923,223,152,CAMP_01044
2021-03,Paid Ads,Tier2,15908.43,136493,3940,175,122,CAMP_01045
2021-03,Organic,North,2881.69,49462,639,45,119,CAMP_01046
2021-03,Organic,South,2951.22,39068,523,29,119,CAMP_01047
2021-03,Organic,East,2308.14,43555,666,46,108,CAMP_01048
2021-03,Organic,West,2260.17,41314,701,48,108,CAMP_01049
2021-03,Organic,Tier2,1857.62,30547,407,29,86,CAMP_01050
2021-03,Referral,North,6052.99,28629,519,25,64,CAMP_01051
2021-03,Referral,South,6722.18,29413,602,30,64,CAMP_01052
2021-03,Referral,East,5616.46,23917,476,29,58,CAMP_01053
2021-03,Referral,West,6168.52,22797,471,31,58,CAMP_01054
2021-03,Referral,Tier2,4785.89,21312,483,27,47,CAMP_01055
2021-03,Influencer,North,7549.21,70956,1703,56,53,CAMP_01056
2021-03,Influencer,South,7677.78,73224,1510,47,53,CAMP_01057
2021-03,Influencer,East,6890.68,54671,1279,50,49,CAMP_01058
2021-03,Influencer,West,6761.42,56916,1392,47,49,CAMP_01059
2021-03,Influencer,Tier2,6390.4,47853,992,36,39,CAMP_01060
2021-04,Paid Ads,North,21415.38,173451,4715,186,179,CAMP_01061
2021-04,Paid Ads,South,21454.36,178967,5675,243,179,CAMP_01062
2021-04,Paid Ads,East,20662.04,145123,3487,122,162,CAMP_01063
2021-04,Paid Ads,West,20562.75,152964,4254,170,162,CAMP_01064
2021-04,Paid Ads,Tier2,14014.53,134501,3557,149,130,CAMP_01065
2021-04,Organic,North,2479.59,49457,687,42,117,CAMP_01066
2021-04,Organic,South,2577.74,40310,636,40,117,CAMP_01067
2021-04,Organic,East,2649.77,38656,543,32,107,CAMP_01068
2021-04,Organic,West,2492.28,35343,476,29,107,CAMP_01069
2021-04,Organic,Tier2,1823.92,27426,364,25,85,CAMP_01070
2021-04,Referral,North,5773.82,25439,459,24,75,CAMP_01071
2021-04,Referral,South,6328.51,23514,508,26,75,CAMP_01072
2021-04,Referral,East,5818.99,25441,510,27,68,CAMP_01073
2021-04,Referral,West,5486.04,20986,434,27,68,CAMP_01074
2021-04,Referral,Tier2,3983.94,20659,471,29,54,CAMP_01075
2021-04,Influencer,North,7616.25,59581,1195,41,64,CAMP_01076
2021-04,Influencer,South,9077.08,65046,1245,47,64,CAMP_01077
2021-04,Influencer,East,7594.37,52263,1189,42,59,CAMP_01078
2021-04,Influencer,West,7549.75,57227,1182,37,59,CAMP_01079
2021-04,Influencer,Tier2,6086.69,52736,1020,39,47,CAMP_01080
2021-05,Paid Ads,North,18895.53,174127,4282,191,170,CAMP_01081
2021-05,Paid Ads,South,22469.59,196735,5050,172,170,CAMP_01082
2021-05,Paid Ads,East,18369.86,172995,5411,199,155,CAMP_01083
2021-05,Paid Ads,West,19903.67,139088,3465,125,155,CAMP_01084
2021-05,Paid Ads,Tier2,14960.63,115662,3219,132,124,CAMP_01085
2021-05,Organic,North,2863.61,37400,584,32,122,CAMP_01086
2021-05,Organic,South,2391.86,44326,606,36,122,CAMP_01087
2021-05,Organic,East,2239.24,39854,532,37,111,CAMP_01088
2021-05,Organic,West,2143.65,42634,578,37,111,CAMP_01089
2021-05,Organic,Tier2,1977.45,35810,505,30,89,CAMP_01090
2021-05,Referral,North,6354.73,30332,677,34,76,CAMP_01091
2021-05,Referral,South,6137.49,25436,567,30,76,CAMP_01092
2021-05,Referral,East,6270.69,23086,461,26,69,CAMP_01093
2021-05,Referral,West,4939.77,23102,493,30,69,CAMP_01094
2021-05,Referral,Tier2,4186.03,19348,411,23,55,CAMP_01095
2021-05,Influencer,North,7483.8,69951,1438,49,70,CAMP_01096
2021-05,Influencer,South,8586.72,66210,1535,61,70,CAMP_01097
2021-05,Influencer,East,7269.61,53041,1081,38,64,CAMP_01098
2021-05,Influencer,West,7607.72,68157,1503,47,64,CAMP_01099
2021-05,Influencer,Tier2,5742.21,54487,1178,43,51,CAMP_01100
2021-06,Paid Ads,North,23598.15,180868,5405,203,190,CAMP_01101
2021-06,Paid Ads,South,24709.14,189021,4624,180,190,CAMP_01102
2021-06,Paid Ads,East,19315.8,195372,5399,193,173,CAMP_01103
2021-06,Paid Ads,West,20196.47,170307,4965,227,173,CAMP_01104
2021-06,Paid Ads,Tier2,16246.09,147922,4547,205,138,CAMP_01105
2021-06,Organic,North,2633.74,48371,656,37,128,CAMP_01106
2021-06,Organic,South,3072.79,52204,826,54,128,CAMP_01107
2021-06,Organic,East,2945.78,41507,603,42,116,CAMP_01108
2021-06,Organic,West,2513.45,49164,654,42,116,CAMP_01109
2021-06,Organic,Tier2,2236.67,35138,494,31,93,CAMP_01110
2021-06,Referral,North,6622.45,24947,432,25,84,CAMP_01111
2021-06,Referral,South,7115.59,28504,573,37,84,CAMP_01112
2021-06,Referral,East,5863.88,26062,513,31,76,CAMP_01113
2021-06,Referral,West,6476.44,25950,553,35,76,CAMP_01114
2021-06,Referral,Tier2,4998.37,19474,404,23,61,CAMP_01115
2021-06,Influencer,North,11548.88,79435,1753,55,72,CAMP_01116
2021-06,Influencer,South,10918.31,69625,1309,49,72,CAMP_01117
2021-06,Influencer,East,11423.42,68663,1484,52,66,CAMP_01118
2021-06,Influencer,West,9871.34,71604,1568,53,66,CAMP_01119
2021-06,Influencer,Tier2,7723.36,59712,1285,39,52,CAMP_01120
2021-07,Paid Ads,North,20848.62,196048,4924,189,211,CAMP_01121
2021-07,Paid Ads,South,25310.6,190641,5522,188,211,CAMP_01122
2021-07,Paid Ads,East,22499.91,164428,5204,186,192,CAMP_01123
2021-07,Paid Ads,West,22502.2,188718,5716,219,192,CAMP_01124
2021-07,Paid Ads,Tier2,15875.23,143937,3591,158,153,CAMP_01125
2021-07,Organic,North,2980.83,50927,834,60,146,CAMP_01126
2021-07,Organic,South,3089.87,46191,724,43,146,CAMP_01127
2021-07,Organic,East,2574.49,44081,670,41,133,CAMP_01128
2021-07,Organic,West,2603.83,42410,577,32,133,CAMP_01129
2021-07,Organic,Tier2,1954.05,36518,566,36,106,CAMP_01130
2021-07,Referral,North,7312.34,25138,449,24,90,CAMP_01131
2021-07,Referral,South,7545.77,25482,559,36,90,CAMP_01132
2021-07,Referral,East,6809.08,27610,538,35,82,CAMP_01133
2021-07,Referral,West,6551.87,26370,598,38,82,CAMP_01134
2021-07,Referral,Tier2,4768.84,19541,357,22,65,CAMP_01135
2021-07,Influencer,North,11823.11,73106,1450,57,73,CAMP_01136
2021-07,Influencer,South,11270.6,68468,1457,52,73,CAMP_01137
2021-07,Influencer,East,10137.85,67397,1377,46,67,CAMP_01138
2021-07,Influencer,West,9482.84,60320,1227,37,67,CAMP_01139
2021-07,Influencer,Tier2,8435.79,47377,1038,40,53,CAMP_01140
2021-08,Paid Ads,North,23349.95,185698,4424,188,200,CAMP_01141
2021-08,Paid Ads,South,20147.54,166547,4773,209,200,CAMP_01142
2021-08,Paid Ads,East,17634.73,155267,4675,188,182,CAMP_01143
2021-08,Paid Ads,West,18203.02,141744,3573,142,182,CAMP_01144
2021-08,Paid Ads,Tier2,16955.02,112625,3314,139,145,CAMP_01145
2021-08,Organic,North,2451.17,38018,574,35,134,CAMP_01146
2021-08,Organic,South,2928.64,40524,610,38,134,CAMP_01147
2021-08,Organic,East,2467.89,43756,716,45,122,CAMP_01148
2021-08,Organic,West,2218.74,39364,512,33,122,CAMP_01149
2021-08,Organic,Tier2,1928.93,31977,446,28,97,CAMP_01150
2021-08,Referral,North,5649.83,26897,529,31,88,CAMP_01151
2021-08,Referral,South,6695.67,28240,573,37,88,CAMP_01152
2021-08,Referral,East,5636.53,22198,475,27,80,CAMP_01153
2021-08,Referral,West,5306.31,20522,422,26,80,CAMP_01154
2021-08,Referral,Tier2,4315.82,19819,428,24,64,CAMP_01155
2021-08,Influencer,North,8610.53,69802,1504,45,73,CAMP_01156
2021-08,Influencer,South,8072.22,65293,1590,61,73,CAMP_01157
2021-08,Influencer,East,6913.61,65317,1285,42,67,CAMP_01158
2021-08,Influencer,West,7103.48,54791,1263,41,67,CAMP_01159
2021-08,Influencer,Tier2,6272.52,50815,1014,35,53,CAMP_01160
2021-09,Paid Ads,North,20588.38,151567,4710,212,199,CAMP_01161
2021-09,Paid Ads,South,19631.29,154695,4664,165,199,CAMP_01162
2021-09,Paid Ads,East,17761.1,174413,4977,207,181,CAMP_01163
2021-09,Paid Ads,West,20347.03,172577,5067,182,181,CAMP_01164
2021-09,Paid Ads,Tier2,13648.76,118856,3301,150,144,CAMP_01165
2021-09,Organic,North,2703.87,45253,664,46,144,CAMP_01166
2021-09,Organic,South,2652.91,48243,687,49,144,CAMP_01167
2021-09,Organic,East,2448.74,41808,682,42,131,CAMP_01168
2021-09,Organic,West,2217.4,36160,500,34,131,CAMP_01169
2021-09,Organic,Tier2,1931.41,27675,442,28,104,CAMP_01170
2021-09,Referral,North,6685.53,26358,510,26,82,CAMP_01171
2021-09,Referral,South,5932.03,27439,493,30,82,CAMP_01172
2021-09,Referral,East,5412.6,23081,427,24,75,CAMP_01173
2021-09,Referral,West,5968.53,23425,482,31,75,CAMP_01174
2021-09,Referral,Tier2,4048.36,21632,368,23,60,CAMP_01175
2021-09,Influencer,North,8942.88,75140,1788,54,75,CAMP_01176
2021-09,Influencer,South,8100.43,56545,1161,43,75,CAMP_01177
2021-09,Influencer,East,7656.49,62745,1573,61,68,CAMP_01178
2021-09,Influencer,West,6979.88,57005,1274,49,68,CAMP_01179
2021-09,Influencer,Tier2,6576.31,42269,865,29,54,CAMP_01180
2021-10,Paid Ads,North,27403.79,234153,7469,324,269,CAMP_01181
2021-10,Paid Ads,South,24737.85,232100,7123,306,269,CAMP_01182
2021-10,Paid Ads,East,26420.48,189285,5872,247,245,CAMP_01183
2021-10,Paid Ads,West,23103.52,211066,6653,300,245,CAMP_01184
2021-10,Paid Ads,Tier2,18182.78,156396,4053,171,196,CAMP_01185
2021-10,Organic,North,3288.46,49563,698,41,183,CAMP_01186
2021-10,Organic,South,3299.88,59396,800,57,183,CAMP_01187
2021-10,Organic,East,2844.6,57648,887,59,166,CAMP_01188
2021-10,Organic,West,2930.11,54588,735,43,166,CAMP_01189
2021-10,Organic,Tier2,2508.3,38676,653,43,133,CAMP_01190
2021-10,Referral,North,7314.17,37080,720,38,112,CAMP_01191
2021-10,Referral,South,7194.8,33579,696,39,112,CAMP_01192
2021-10,Referral,East,7191.59,33363,674,40,102,CAMP_01193
2021-10,Referral,West,6690.44,27133,483,24,102,CAMP_01194
2021-10,Referral,Tier2,5293.85,27398,543,33,81,CAMP_01195
2021-10,Influencer,North,18085.84,74779,1656,60,91,CAMP_01196
2021-10,Influencer,South,18513.29,76418,1598,57,91,CAMP_01197
2021-10,Influencer,East,11711.81,74120,1467,44,82,CAMP_01198
2021-10,Influencer,West,13101.05,75646,1747,57,82,CAMP_01199
2021-10,Influencer,Tier2,11876.08,64129,1311,41,66,CAMP_01200
2021-11,Paid Ads,North,29450.3,194483,5690,221,262,CAMP_01201
2021-11,Paid Ads,South,25120.93,191716,5208,190,262,CAMP_01202
2021-11,Paid Ads,East,26815.95,229242,6838,312,238,CAMP_01203
2021-11,Paid Ads,West,25246.83,196296,5854,254,238,CAMP_01204
2021-11,Paid Ads,Tier2,20731.28,144216,4175,178,190,CAMP_01205
2021-11,Organic,North,3714.67,63661,1094,65,182,CAMP_01206
2021-11,Organic,South,3254.19,51640,882,52,182,CAMP_01207
2021-11,Organic,East,3333.88,49692,829,50,165,CAMP_01208
2021-11,Organic,West,2861.14,48788,783,50,165,CAMP_01209
2021-11,Organic,Tier2,2352.56,46813,689,40,132,CAMP_01210
2021-11,Referral,North,8315.15,37228,751,39,110,CAMP_01211
2021-11,Referral,South,8671.76,30886,639,36,110,CAMP_01212
2021-11,Referral,East,6943.36,32593,617,31,100,CAMP_01213
2021-11,Referral,West,6486.91,33653,593,30,100,CAMP_01214
2021-11,Referral,Tier2,6397.68,23822,534,30,80,CAMP_01215
2021-11,Influencer,North,16173.34,75385,1597,60,96,CAMP_01216
2021-11,Influencer,South,18124.7,75024,1518,54,96,CAMP_01217
2021-11,Influencer,East,13568.97,74800,1876,58,88,CAMP_01218
2021-11,Influencer,West,14493.56,79509,1930,65,88,CAMP_01219
2021-11,Influencer,Tier2,11312.95,69596,1459,45,70,CAMP_01220
2021-12,Paid Ads,North,27194.35,250909,7707,315,289,CAMP_01221
2021-12,Paid Ads,South,24739.84,203614,5682,227,289,CAMP_01222
2021-12,Paid Ads,East,24448.04,220980,6934,299,262,CAMP_01223
2021-12,Paid Ads,West,26850.57,206564,5840,265,262,CAMP_01224
2021-12,Paid Ads,Tier2,21430.95,185860,4501,191,210,CAMP_01225
2021-12,Organic,North,3051.54,62658,848,49,201,CAMP_01226
2021-12,Organic,South,3256.38,49577,842,50,201,CAMP_01227
2021-12,Organic,East,3105.79,54818,914,56,183,CAMP_01228
2021-12,Organic,West,3292.43,57578,883,65,183,CAMP_01229
2021-12,Organic,Tier2,2555.74,41200,619,41,146,CAMP_01230
2021-12,Referral,North,8715.63,33104,691,35,117,CAMP_01231
2021-12,Referral,South,8073.69,34698,591,37,117,CAMP_01232
2021-12,Referral,East,7728.45,29851,527,33,107,CAMP_01233
2021-12,Referral,West,7121.29,28950,508,31,107,CAMP_01234
2021-12,Referral,Tier2,6114.41,24533,478,29,85,CAMP_01235
2021-12,Influencer,North,13871.98,74979,1591,55,106,CAMP_01236
2021-12,Influencer,South,16103.27,77194,1741,61,106,CAMP_01237
2021-12,Influencer,East,14326.47,70219,1593,61,96,CAMP_01238
2021-12,Influencer,West,12937.63,80265,1808,71,96,CAMP_01239
2021-12,Influencer,Tier2,11502.06,61034,1495,45,77,CAMP_01240
2022-01,Paid Ads,North,19002.82,181956,4641,184,169,CAMP_01241
2022-01,Paid Ads,South,18142.66,168151,4114,166,169,CAMP_01242
2022-01,Paid Ads,East,18772.44,145902,4569,187,154,CAMP_01243
2022-01,Paid Ads,West,16741.62,157007,4111,153,154,CAMP_01244
2022-01,Paid Ads,Tier2,13604.58,104336,2891,130,123,CAMP_01245
2022-01,Organic,North,2511.39,47282,781,49,132,CAMP_01246
2022-01,Organic,South,2657.82,46887,767,53,132,CAMP_01247
2022-01,Organic,East,2048.15,37998,499,36,120,CAMP_01248
2022-01,Organic,West,2210.39,35051,570,32,120,CAMP_01249
2022-01,Organic,Tier2,2007.85,28138,369,27,96,CAMP_01250
2022-01,Referral,North,5386.09,24311,509,31,71,CAMP_01251
2022-01,Referral,South,6229.9,25568,527,29,71,CAMP_01252
2022-01,Referral,East,5829.91,21846,456,26,65,CAMP_01253
2022-01,Referral,West,5710.73,21827,487,29,65,CAMP_01254
2022-01,Referral,Tier2,4145.84,18893,370,18,52,CAMP_01255
2022-01,Influencer,North,7239.96,69262,1681,50,64,CAMP_01256
2022-01,Influencer,South,7198.02,69409,1497,51,64,CAMP_01257
2022-01,Influencer,East,7756.84,59603,1127,35,58,CAMP_01258
2022-01,Influencer,West,7477.35,57788,1418,45,58,CAMP_01259
2022-01,Influencer,Tier2,6333.36,48123,1203,40,46,CAMP_01260
2022-02,Paid Ads,North,22660.7,221814,7089,277,239,CAMP_01261
2022-02,Paid Ads,South,25285.06,197461,5790,211,239,CAMP_01262
2022-02,Paid Ads,East,24823.64,187220,5915,266,217,CAMP_01263
2022-02,Paid Ads,West,25270.26,199295,6344,244,217,CAMP_01264
2022-02,Paid Ads,Tier2,17120.55,176311,4262,154,174,CAMP_01265
2022-02,Organic,North,3280.44,54524,787,53,171,CAMP_01266
2022-02,Organic,South,3485.73,53891,903,53,171,CAMP_01267
2022-02,Organic,East,2801.3,43866,587,42,155,CAMP_01268
2022-02,Organic,West,2790.37,52862,879,62,155,CAMP_01269
2022-02,Organic,Tier2,2445.95,39307,661,49,124,CAMP_01270
2022-02,Referral,North,8009.41,29167,666,42,99,CAMP_01271
2022-02,Referral,South,7528.44,35463,605,39,99,CAMP_01272
2022-02,Referral,East,6087.39,32658,642,40,90,CAMP_01273
2022-02,Referral,West,6523.97,30481,597,31,90,CAMP_01274
2022-02,Referral,Tier2,5138.37,19751,435,25,72,CAMP_01275
2022-02,Influencer,North,10750.8,79847,1932,70,87,CAMP_01276
2022-02,Influencer,South,9657.96,67699,1383,43,87,CAMP_01277
2022-02,Influencer,East,8325.52,74199,1759,54,79,CAMP_01278
2022-02,Influencer,West,9557.26,67833,1386,50,79,CAMP_01279
2022-02,Influencer,Tier2,6888.32,64858,1510,53,63,CAMP_01280
2022-03,Paid Ads,North,22172.47,223010,6150,216,233,CAMP_01281
2022-03,Paid Ads,South,24257.74,199820,6163,261,233,CAMP_01282
2022-03,Paid Ads,East,21295.71,205622,5253,230,212,CAMP_01283
2022-03,Paid Ads,West,24497.18,194394,5816,265,212,CAMP_01284
2022-03,Paid Ads,Tier2,16068.08,173058,5246,210,169,CAMP_01285
2022-03,Organic,North,3471.67,53524,880,54,171,CAMP_01286
2022-03,Organic,South,3076.61,58333,781,49,171,CAMP_01287
2022-03,Organic,East,3068.44,41943,654,36,156,CAMP_01288
2022-03,Organic,West,3149.12,47638,747,43,156,CAMP_01289
2022-03,Organic,Tier2,2285.37,36703,579,43,124,CAMP_01290
2022-03,Referral,North,7443.09,33588,580,35,101,CAMP_01291
2022-03,Referral,South,7639.83,33440,724,42,101,CAMP_01292
2022-03,Referral,East,7203.76,31528,609,33,92,CAMP_01293
2022-03,Referral,West,6531.86,30469,620,36,92,CAMP_01294
2022-03,Referral,Tier2,4803.53,23091,415,21,73,CAMP_01295
2022-03,Influencer,North,11175.09,90442,2266,84,84,CAMP_01296
2022-03,Influencer,South,9367.85,84336,1603,49,84,CAMP_01297
2022-03,Influencer,East,8593.1,71008,1643,56,76,CAMP_01298
2022-03,Influencer,West,8320.83,74360,1656,52,76,CAMP_01299
2022-03,Influencer,Tier2,7452.96,53048,1031,36,61,CAMP_01300
2022-04,Paid Ads,North,26209.33,192112,5573,218,242,CAMP_01301
2022-04,Paid Ads,South,26866.81,219550,6897,240,242,CAMP_01302
2022-04,Paid Ads,East,24692.83,178358,4665,212,220,CAMP_01303
2022-04,Paid Ads,West,22438.18,193962,5926,272,220,CAMP_01304
2022-04,Paid Ads,Tier2,18776.42,137088,3573,142,176,CAMP_01305
2022-04,Organic,North,3541.97,59920,920,63,171,CAMP_01306
2022-04,Organic,South,3423.83,55712,877,53,171,CAMP_01307
2022-04,Organic,East,2662.69,51330,885,51,156,CAMP_01308
2022-04,Organic,West,2746.77,52652,844,60,156,CAMP_01309
2022-04,Organic,Tier2,2173.82,37008,594,36,124,CAMP_01310
2022-04,Referral,North,6696.86,35008,798,42,99,CAMP_01311
2022-04,Referral,South,6909.46,29221,508,31,99,CAMP_01312
2022-04,Referral,East,6570.69,31509,660,43,90,CAMP_01313
2022-04,Referral,West,6074.35,25397,437,22,90,CAMP_01314
2022-04,Referral,Tier2,5671.42,20849,356,19,72,CAMP_01315
2022-04,Influencer,North,9775.82,78019,1683,63,88,CAMP_01316
2022-04,Influencer,South,11016.9,76422,1437,44,88,CAMP_01317
2022-04,Influencer,East,8933.08,61280,1408,49,80,CAMP_01318
2022-04,Influencer,West,9988.15,65448,1464,58,80,CAMP_01319
2022-04,Influencer,Tier2,7567.6,60149,1231,47,64,CAMP_01320
2022-05,Paid Ads,North,26186.13,192776,5347,236,246,CAMP_01321
2022-05,Paid Ads,South,25042.66,212237,6777,238,246,CAMP_01322
2022-05,Paid Ads,East,20109.71,193776,5081,186,223,CAMP_01323
2022-05,Paid Ads,West,24654.87,169868,5361,190,223,CAMP_01324
2022-05,Paid Ads,Tier2,17828.35,138990,3477,125,179,CAMP_01325
2022-05,Organic,North,2969.19,49122,631,41,172,CAMP_01326
2022-05,Organic,South,2916.14,59647,789,53,172,CAMP_01327
2022-05,Organic,East,2829.71,45872,644,35,156,CAMP_01328
2022-05,Organic,West,2844.04,54663,707,44,156,CAMP_01329
2022-05,Organic,Tier2,2302.21,39055,554,31,125,CAMP_01330
2022-05,Referral,North,7266.97,35805,675,38,110,CAMP_01331
2022-05,Referral,South,8249.08,32618,643,35,110,CAMP_01332
2022-05,Referral,East,6371.25,28217,531,30,100,CAMP_01333
2022-05,Referral,West,6499.26,24861,549,35,100,CAMP_01334
2022-05,Referral,Tier2,4812.37,20813,459,23,80,CAMP_01335
2022-05,Influencer,North,9601.98,90051,1859,57,90,CAMP_01336
2022-05,Influencer,South,9198.83,76079,1907,59,90,CAMP_01337
2022-05,Influencer,East,8141.19,63281,1307,42,82,CAMP_01338
2022-05,Influencer,West,9300.23,69319,1683,61,82,CAMP_01339
2022-05,Influencer,Tier2,6975.7,61658,1534,48,65,CAMP_01340
2022-06,Paid Ads,North,27436.81,213810,6459,255,292,CAMP_01341
2022-06,Paid Ads,South,27012.09,252192,6552,244,292,CAMP_01342
2022-06,Paid Ads,East,23899.64,227038,6494,278,266,CAMP_01343
2022-06,Paid Ads,West,27447.38,182591,5192,228,266,CAMP_01344
2022-06,Paid Ads,Tier2,21832.68,181401,5031,201,212,CAMP_01345
2022-06,Organic,North,3866.94,56537,761,55,208,CAMP_01346
2022-06,Organic,South,3495.05,65789,852,52,208,CAMP_01347
2022-06,Organic,East,3512.06,59296,897,53,189,CAMP_01348
2022-06,Organic,West,2817.8,49036,845,48,189,CAMP_01349
2022-06,Organic,Tier2,2501.59,42682,614,43,151,CAMP_01350
2022-06,Referral,North,8928.54,37345,694,40,128,CAMP_01351
2022-06,Referral,South,7691.61,38194,681,39,128,CAMP_01352
2022-06,Referral,East,6534.43,35973,655,37,117,CAMP_01353
2022-06,Referral,West,6669.97,30818,554,27,117,CAMP_01354
2022-06,Referral,Tier2,5533.84,21786,492,30,93,CAMP_01355
2022-06,Influencer,North,11951.24,100083,2103,75,117,CAMP_01356
2022-06,Influencer,South,12471.56,76942,1512,49,117,CAMP_01357
2022-06,Influencer,East,11369.83,86125,1797,61,106,CAMP_01358
2022-06,Influencer,West,13592.37,80303,1903,62,106,CAMP_01359
2022-06,Influencer,Tier2,9876.66,57387,1410,52,85,CAMP_01360
2022-07,Paid Ads,North,25176.73,264913,6671,227,313,CAMP_01361
2022-07,Paid Ads,South,25623.24,202096,5522,228,313,CAMP_01362
2022-07,Paid Ads,East,22101.66,206244,6175,266,285,CAMP_01363
2022-07,Paid Ads,West,24858.23,203869,5954,264,285,CAMP_01364
2022-07,Paid Ads,Tier2,21129.14,163494,4217,179,228,CAMP_01365
2022-07,Organic,North,3603.19,54004,897,52,211,CAMP_01366
2022-07,Organic,South,3769.14,61050,966,64,211,CAMP_01367
2022-07,Organic,East,2798.39,45572,704,41,192,CAMP_01368
2022-07,Organic,West,3544.73,52915,891,62,192,CAMP_01369
2022-07,Organic,Tier2,2557.38,47283,693,43,153,CAMP_01370
2022-07,Referral,North,8667.88,34451,709,39,129,CAMP_01371
2022-07,Referral,South,8968.58,32255,676,38,129,CAMP_01372
2022-07,Referral,East,7595.94,32984,574,36,117,CAMP_01373
2022-07,Referral,West,6743.06,35462,677,39,117,CAMP_01374
2022-07,Referral,Tier2,6397.52,25866,566,34,93,CAMP_01375
2022-07,Influencer,North,13180.1,97866,2314,69,104,CAMP_01376
2022-07,Influencer,South,12897.65,76774,1460,56,104,CAMP_01377
2022-07,Influencer,East,13259.18,80548,1575,53,95,CAMP_01378
2022-07,Influencer,West,12915.89,78098,1966,70,95,CAMP_01379
2022-07,Influencer,Tier2,7817.37,67435,1561,58,76,CAMP_01380
2022-08,Paid Ads,North,27503.27,221848,6398,228,276,CAMP_01381
2022-08,Paid Ads,South,25243.08,237801,7145,248,276,CAMP_01382
2022-08,Paid Ads,East,24835.52,181835,5203,231,251,CAMP_01383
2022-08,Paid Ads,West,25311.56,205335,4973,180,251,CAMP_01384
2022-08,Paid Ads,Tier2,17446.12,151925,4057,146,200,CAMP_01385
2022-08,Organic,North,3391.86,49747,787,51,195,CAMP_01386
2022-08,Organic,South,3290.05,46275,691,50,195,CAMP_01387
2022-08,Organic,East,2787.31,45017,582,40,177,CAMP_01388
2022-08,Organic,West,2844.37,40961,595,38,177,CAMP_01389
2022-08,Organic,Tier2,2336.7,33603,464,32,142,CAMP_01390
2022-08,Referral,North,7352.62,29145,642,42,122,CAMP_01391
2022-08,Referral,South,7237.52,35277,602,31,122,CAMP_01392
2022-08,Referral,East,6011.8,27359,571,30,111,CAMP_01393
2022-08,Referral,West,6972.44,24600,447,25,111,CAMP_01394
2022-08,Referral,Tier2,4980.36,25007,567,36,89,CAMP_01395
2022-08,Influencer,North,8955.77,87685,1982,61,94,CAMP_01396
2022-08,Influencer,South,11227.66,80674,1945,68,94,CAMP_01397
2022-08,Influencer,East,9120.38,78598,1538,45,85,CAMP_01398
2022-08,Influencer,West,8857.44,67101,1280,44,85,CAMP_01399
2022-08,Influencer,Tier2,6905.95,55633,1218,41,68,CAMP_01400
2022-09,Paid Ads,North,23868.78,216146,5192,222,278,CAMP_01401
2022-09,Paid Ads,South,22192.72,185604,5295,237,278,CAMP_01402
2022-09,Paid Ads,East,25442.43,220324,6451,283,253,CAMP_01403
2022-09,Paid Ads,West,24886.58,204791,5902,251,253,CAMP_01404
2022-09,Paid Ads,Tier2,18908.17,154689,4469,201,202,CAMP_01405
2022-09,Organic,North,3313.93,52533,720,48,198,CAMP_01406
2022-09,Organic,South,2981.05,45743,779,56,198,CAMP_01407
2022-09,Organic,East,3114.68,48934,736,46,180,CAMP_01408
2022-09,Organic,West,3069.68,52810,825,60,180,CAMP_01409
2022-09,Organic,Tier2,2324.9,38616,652,44,144,CAMP_01410
2022-09,Referral,North,6785.67,27533,616,37,114,CAMP_01411
2022-09,Referral,South,7591.94,28098,543,32,114,CAMP_01412
2022-09,Referral,East,6116.68,30074,628,32,103,CAMP_01413
2022-09,Referral,West,7159.85,26423,532,31,103,CAMP_01414
2022-09,Referral,Tier2,5363.18,22621,412,25,83,CAMP_01415
2022-09,Influencer,North,8834.31,88147,2169,68,113,CAMP_01416
2022-09,Influencer,South,9671.67,74513,1548,59,113,CAMP_01417
2022-09,Influencer,East,8342.15,82469,1876,56,103,CAMP_01418
2022-09,Influencer,West,10146.6,74097,1436,44,103,CAMP_01419
2022-09,Influencer,Tier2,8140.01,57049,1146,36,82,CAMP_01420
2022-10,Paid Ads,North,29921.71,254092,6809,253,360,CAMP_01421
2022-10,Paid Ads,South,30817.01,230864,6184,236,360,CAMP_01422
2022-10,Paid Ads,East,32078.44,229726,6405,242,328,CAMP_01423
2022-10,Paid Ads,West,31629.88,249469,7672,349,328,CAMP_01424
2022-10,Paid Ads,Tier2,22241.21,213254,6430,295,262,CAMP_01425
2022-10,Organic,North,4262.95,61436,817,53,263,CAMP_01426
2022-10,Organic,South,4310.09,67575,1098,62,263,CAMP_01427
2022-10,Organic,East,3881.82,58038,845,62,239,CAMP_01428
2022-10,Organic,West,3735.96,62178,885,63,239,CAMP_01429
2022-10,Organic,Tier2,3145.29,51290,785,44,191,CAMP_01430
2022-10,Referral,North,9759.59,36653,839,49,149,CAMP_01431
2022-10,Referral,South,9688.94,46574,803,43,149,CAMP_01432
2022-10,Referral,East,9346.48,39768,677,35,136,CAMP_01433
2022-10,Referral,West,8154.45,37652,818,49,136,CAMP_01434
2022-10,Referral,Tier2,6651.46,27880,516,31,108,CAMP_01435
2022-10,Influencer,North,20667.65,112829,2177,70,142,CAMP_01436
2022-10,Influencer,South,16910.33,87296,2123,69,142,CAMP_01437
2022-10,Influencer,East,17416.88,104883,2307,77,129,CAMP_01438
2022-10,Influencer,West,16262.42,88478,1736,67,129,CAMP_01439
2022-10,Influencer,Tier2,14260.09,80420,1847,55,103,CAMP_01440
2022-11,Paid Ads,North,33175.26,268251,6851,280,386,CAMP_01441
2022-11,Paid Ads,South,31237.62,289361,9138,347,386,CAMP_01442
2022-11,Paid Ads,East,31589.65,247097,6308,242,351,CAMP_01443
2022-11,Paid Ads,West,27836.03,238333,6178,221,351,CAMP_01444
2022-11,Paid Ads,Tier2,24515.62,208047,6578,285,281,CAMP_01445
2022-11,Organic,North,4512.6,64409,1079,70,268,CAMP_01446
2022-11,Organic,South,3882.38,64029,871,58,268,CAMP_01447
2022-11,Organic,East,4011.65,53826,767,46,244,CAMP_01448
2022-11,Organic,West,3939.21,70301,1022,62,244,CAMP_01449
2022-11,Organic,Tier2,2655.52,54884,795,48,195,CAMP_01450
2022-11,Referral,North,9436.9,42961,964,58,166,CAMP_01451
2022-11,Referral,South,9816.65,35410,813,46,166,CAMP_01452
2022-11,Referral,East,8899.04,38224,805,40,151,CAMP_01453
2022-11,Referral,West,7783.35,35756,813,49,151,CAMP_01454
2022-11,Referral,Tier2,6373.77,25545,502,30,121,CAMP_01455
2022-11,Influencer,North,16085.46,115014,2871,91,156,CAMP_01456
2022-11,Influencer,South,17267.45,98316,2275,77,156,CAMP_01457
2022-11,Influencer,East,18091.96,97270,2136,68,142,CAMP_01458
2022-11,Influencer,West,18048.32,94179,2346,81,142,CAMP_01459
2022-11,Influencer,Tier2,13355.58,62827,1290,43,113,CAMP_01460
2022-12,Paid Ads,North,35805.54,267108,7546,302,397,CAMP_01461
2022-12,Paid Ads,South,33181.58,265412,7433,341,397,CAMP_01462
2022-12,Paid Ads,East,26884.46,241692,6576,277,361,CAMP_01463
2022-12,Paid Ads,West,28242.16,251667,6217,226,361,CAMP_01464
2022-12,Paid Ads,Tier2,23211.74,171772,5208,185,289,CAMP_01465
2022-12,Organic,North,4432.14,58356,779,51,270,CAMP_01466
2022-12,Organic,South,3848.07,60260,908,53,270,CAMP_01467
2022-12,Organic,East,3954.12,56735,943,54,245,CAMP_01468
2022-12,Organic,West,3813.06,66987,869,53,245,CAMP_01469
2022-12,Organic,Tier2,3187.79,55640,721,41,196,CAMP_01470
2022-12,Referral,North,10121.78,34956,742,47,160,CAMP_01471
2022-12,Referral,South,9155.14,41435,727,45,160,CAMP_01472
2022-12,Referral,East,8056.81,35745,772,42,145,CAMP_01473
2022-12,Referral,West,8960.7,36698,653,35,145,CAMP_01474
2022-12,Referral,Tier2,7702.23,33133,709,37,116,CAMP_01475
2022-12,Influencer,North,17645.24,109599,2179,76,136,CAMP_01476
2022-12,Influencer,South,18131.08,96267,1935,60,136,CAMP_01477
2022-12,Influencer,East,16757.35,92853,1895,66,123,CAMP_01478
2022-12,Influencer,West,17745.55,92694,2102,65,123,CAMP_01479
2022-12,Influencer,Tier2,13662.53,73332,1638,50,99,CAMP_01480
2023-01,Paid Ads,North,25877.5,198573,5566,233,255,CAMP_01481
2023-01,Paid Ads,South,22533.73,187476,5679,215,255,CAMP_01482
2023-01,Paid Ads,East,21350.51,170060,5397,243,232,CAMP_01483
2023-01,Paid Ads,West,19646.32,156885,4240,159,232,CAMP_01484
2023-01,Paid Ads,Tier2,18187.23,148128,3668,138,185,CAMP_01485
2023-01,Organic,North,2886.13,42883,588,38,169,CAMP_01486
2023-01,Organic,South,3117.95,50093,703,43,169,CAMP_01487
2023-01,Organic,East,2700.7,51402,783,46,153,CAMP_01488
2023-01,Organic,West,2894.8,41512,693,41,153,CAMP_01489
2023-01,Organic,Tier2,1908.35,33827,566,37,123,CAMP_01490
2023-01,Referral,North,6693.92,30173,669,40,103,CAMP_01491
2023-01,Referral,South,6913.95,30619,603,35,103,CAMP_01492
2023-01,Referral,East,6654.96,23048,433,26,93,CAMP_01493
2023-01,Referral,West,6147.85,30075,596,38,93,CAMP_01494
2023-01,Referral,Tier2,5116.99,21472,477,30,75,CAMP_01495
2023-01,Influencer,North,8563.45,82366,1734,60,97,CAMP_01496
2023-01,Influencer,South,8650.78,66493,1376,46,97,CAMP_01497
2023-01,Influencer,East,7656.81,75327,1443,52,88,CAMP_01498
2023-01,Influencer,West,7995.87,71490,1523,57,88,CAMP_01499
2023-01,Influencer,Tier2,7146.32,57877,1133,43,70,CAMP_01500
2023-02,Paid Ads,North,26700.18,274112,7487,276,308,CAMP_01501
2023-02,Paid Ads,South,33646.98,259388,6339,263,308,CAMP_01502
2023-02,Paid Ads,East,26561.52,216958,6690,287,280,CAMP_01503
2023-02,Paid Ads,West,29091.4,228503,6831,272,280,CAMP_01504
2023-02,Paid Ads,Tier2,22961.43,199732,4936,186,224,CAMP_01505
2023-02,Organic,North,4234.28,66350,980,59,231,CAMP_01506
2023-02,Organic,South,3684.72,58998,969,71,231,CAMP_01507
2023-02,Organic,East,3637.58,51025,676,48,210,CAMP_01508
2023-02,Organic,West,3742.27,54724,881,58,210,CAMP_01509
2023-02,Organic,Tier2,2853.98,43023,636,38,168,CAMP_01510
2023-02,Referral,North,9431.52,35325,658,39,130,CAMP_01511
2023-02,Referral,South,7877.36,33291,658,36,130,CAMP_01512
2023-02,Referral,East,7345.23,31716,645,37,118,CAMP_01513
2023-02,Referral,West,8045.29,39687,808,49,118,CAMP_01514
2023-02,Referral,Tier2,6676.81,30759,601,34,94,CAMP_01515
2023-02,Influencer,North,12319.19,100039,2341,81,120,CAMP_01516
2023-02,Influencer,South,12985.26,102247,1922,57,120,CAMP_01517
2023-02,Influencer,East,11218.51,87220,2106,67,109,CAMP_01518
2023-02,Influencer,West,10612.05,95747,2190,78,109,CAMP_01519
2023-02,Influencer,Tier2,8505.59,62472,1327,48,87,CAMP_01520
2023-03,Paid Ads,North,30291,228984,6500,298,340,CAMP_01521
2023-03,Paid Ads,South,32804.06,258706,7543,332,340,CAMP_01522
2023-03,Paid Ads,East,26740.03,217000,6913,259,309,CAMP_01523
2023-03,Paid Ads,West,28966.1,219451,6553,246,309,CAMP_01524
2023-03,Paid Ads,Tier2,22208.55,211448,6218,230,247,CAMP_01525
2023-03,Organic,North,3730.33,64432,1048,62,245,CAMP_01526
2023-03,Organic,South,3749.68,72836,1250,86,245,CAMP_01527
2023-03,Organic,East,3539.49,60243,942,55,223,CAMP_01528
2023-03,Organic,West,3254.79,64503,1023,69,223,CAMP_01529
2023-03,Organic,Tier2,2839.37,39202,512,35,178,CAMP_01530
2023-03,Referral,North,9524.67,41770,869,52,140,CAMP_01531
2023-03,Referral,South,9676.81,43080,884,48,140,CAMP_01532
2023-03,Referral,East,7477.81,35562,778,48,127,CAMP_01533
2023-03,Referral,West,7884.28,39654,811,44,127,CAMP_01534
2023-03,Referral,Tier2,6672.67,31494,690,38,102,CAMP_01535
2023-03,Influencer,North,13144.89,87566,2177,75,132,CAMP_01536
2023-03,Influencer,South,13346.09,108384,2588,83,132,CAMP_01537
2023-03,Influencer,East,10921.15,95587,2155,67,120,CAMP_01538
2023-03,Influencer,West,10876.96,96369,2413,74,120,CAMP_01539
2023-03,Influencer,Tier2,8984.58,67018,1609,50,96,CAMP_01540
2023-04,Paid Ads,North,26990.07,261290,7627,330,336,CAMP_01541
2023-04,Paid Ads,South,33541.24,290547,9037,342,336,CAMP_01542
2023-04,Paid Ads,East,28648.27,220747,6763,248,305,CAMP_01543
2023-04,Paid Ads,West,26853.72,215621,6441,283,305,CAMP_01544
2023-04,Paid Ads,Tier2,24049.43,207197,6175,213,244,CAMP_01545
2023-04,Organic,North,3907.9,67018,920,51,248,CAMP_01546
2023-04,Organic,South,3754.93,57862,861,49,248,CAMP_01547
2023-04,Organic,East,3175.72,58388,999,62,226,CAMP_01548
2023-04,Organic,West,3827.31,53827,927,65,226,CAMP_01549
2023-04,Organic,Tier2,2729.49,41218,600,44,180,CAMP_01550
2023-04,Referral,North,9875.31,35670,749,43,161,CAMP_01551
2023-04,Referral,South,9667.46,32870,669,42,161,CAMP_01552
2023-04,Referral,East,7864.16,32108,618,32,146,CAMP_01553
2023-04,Referral,West,7202.71,35384,782,47,146,CAMP_01554
2023-04,Referral,Tier2,5998.51,30501,572,36,117,CAMP_01555
2023-04,Influencer,North,11061.22,98925,2126,84,120,CAMP_01556
2023-04,Influencer,South,12434.63,81087,1780,70,120,CAMP_01557
2023-04,Influencer,East,10234.22,88900,2172,80,109,CAMP_01558
2023-04,Influencer,West,9888.37,97347,2404,92,109,CAMP_01559
2023-04,Influencer,Tier2,9347.73,63991,1463,52,87,CAMP_01560
2023-05,Paid Ads,North,28671.11,271312,7230,276,377,CAMP_01561
2023-05,Paid Ads,South,28334.78,266242,7282,278,377,CAMP_01562
2023-05,Paid Ads,East,30368.85,262217,6811,272,343,CAMP_01563
2023-05,Paid Ads,West,24389.78,255493,7275,315,343,CAMP_01564
2023-05,Paid Ads,Tier2,22722.06,192179,5886,210,274,CAMP_01565
2023-05,Organic,North,3426.19,66092,1026,69,256,CAMP_01566
2023-05,Organic,South,3448.96,60528,926,55,256,CAMP_01567
2023-05,Organic,East,3794.27,63953,898,57,233,CAMP_01568
2023-05,Organic,West,3824.49,53066,834,56,233,CAMP_01569
2023-05,Organic,Tier2,2927.02,47664,614,37,186,CAMP_01570
2023-05,Referral,North,9910.96,35212,657,37,165,CAMP_01571
2023-05,Referral,South,8094.47,39014,734,41,165,CAMP_01572
2023-05,Referral,East,7386.64,30554,533,27,150,CAMP_01573
2023-05,Referral,West,8207.17,30339,588,29,150,CAMP_01574
2023-05,Referral,Tier2,6985.89,27795,596,35,120,CAMP_01575
2023-05,Influencer,North,11945.47,93341,1987,73,144,CAMP_01576
2023-05,Influencer,South,11540.29,90205,2200,74,144,CAMP_01577
2023-05,Influencer,East,11091.36,83666,1940,64,131,CAMP_01578
2023-05,Influencer,West,11124.55,81833,1547,60,131,CAMP_01579
2023-05,Influencer,Tier2,8847.96,75942,1724,61,105,CAMP_01580
2023-06,Paid Ads,North,29474.78,268781,8204,303,408,CAMP_01581
2023-06,Paid Ads,South,36757.01,303472,7783,353,408,CAMP_01582
2023-06,Paid Ads,East,27723.11,246541,6511,272,371,CAMP_01583
2023-06,Paid Ads,West,32458.95,233000,6519,274,371,CAMP_01584
2023-06,Paid Ads,Tier2,24824.95,187214,4495,184,297,CAMP_01585
2023-06,Organic,North,3745.78,66133,975,69,275,CAMP_01586
2023-06,Organic,South,3932.34,74438,1212,83,275,CAMP_01587
2023-06,Organic,East,3685.58,70669,1141,80,250,CAMP_01588
2023-06,Organic,West,3969.75,58887,938,52,250,CAMP_01589
2023-06,Organic,Tier2,2846.16,49865,738,46,200,CAMP_01590
2023-06,Referral,North,9155.73,45887,797,43,173,CAMP_01591
2023-06,Referral,South,9326.14,43247,946,52,173,CAMP_01592
2023-06,Referral,East,8222.25,36750,702,38,158,CAMP_01593
2023-06,Referral,West,8351.66,32781,714,46,158,CAMP_01594
2023-06,Referral,Tier2,6611.8,27700,513,28,126,CAMP_01595
2023-06,Influencer,North,16476.96,102955,1973,70,144,CAMP_01596
2023-06,Influencer,South,15225.91,101939,2567,81,144,CAMP_01597
2023-06,Influencer,East,13854.61,108365,2190,65,131,CAMP_01598
2023-06,Influencer,West,15115.29,91726,2276,72,131,CAMP_01599
2023-06,Influencer,Tier2,12083.65,80151,1720,52,104,CAMP_01600
2023-07,Paid Ads,North,34623.89,257105,8093,289,420,CAMP_01601
2023-07,Paid Ads,South,29970.11,313019,8091,294,420,CAMP_01602
2023-07,Paid Ads,East,28216.25,261857,7331,261,382,CAMP_01603
2023-07,Paid Ads,West,33158.23,276133,8576,360,382,CAMP_01604
2023-07,Paid Ads,Tier2,24224.03,197121,6259,265,305,CAMP_01605
2023-07,Organic,North,4087.62,78972,1181,72,295,CAMP_01606
2023-07,Organic,South,3810.47,70946,1148,70,295,CAMP_01607
2023-07,Organic,East,3909.72,67158,1155,70,269,CAMP_01608
2023-07,Organic,West,4067.71,54254,733,42,269,CAMP_01609
2023-07,Organic,Tier2,2800.02,45249,734,49,215,CAMP_01610
2023-07,Referral,North,9291.67,38029,860,46,177,CAMP_01611
2023-07,Referral,South,9575.11,41684,851,48,177,CAMP_01612
2023-07,Referral,East,8529.05,42042,928,61,161,CAMP_01613
2023-07,Referral,West,7824.22,33354,753,47,161,CAMP_01614
2023-07,Referral,Tier2,6871.33,26320,468,26,128,CAMP_01615
2023-07,Influencer,North,16905.63,119224,2506,99,168,CAMP_01616
2023-07,Influencer,South,17112.63,98714,1986,69,168,CAMP_01617
2023-07,Influencer,East,13819.72,108786,2466,85,153,CAMP_01618
2023-07,Influencer,West,12265.89,87589,1844,60,153,CAMP_01619
2023-07,Influencer,Tier2,11675.53,72684,1382,48,122,CAMP_01620
2023-08,Paid Ads,North,26739.22,286565,8205,352,413,CAMP_01621
2023-08,Paid Ads,South,29373.68,274687,7304,258,413,CAMP_01622
2023-08,Paid Ads,East,25963.31,218237,5407,193,375,CAMP_01623
2023-08,Paid Ads,West,24493.66,214481,5710,208,375,CAMP_01624
2023-08,Paid Ads,Tier2,21899.48,209269,5372,229,300,CAMP_01625
2023-08,Organic,North,3930.55,57934,784,47,311,CAMP_01626
2023-08,Organic,South,3385.22,57574,974,64,311,CAMP_01627
2023-08,Organic,East,3048.02,65894,1058,64,283,CAMP_01628
2023-08,Organic,West,3156.96,63590,957,66,283,CAMP_01629
2023-08,Organic,Tier2,2700.42,47340,704,39,226,CAMP_01630
2023-08,Referral,North,7906.27,39675,804,48,172,CAMP_01631
2023-08,Referral,South,9132.25,36399,782,49,172,CAMP_01632
2023-08,Referral,East,7587.1,33803,664,41,157,CAMP_01633
2023-08,Referral,West,8163.34,35121,682,43,157,CAMP_01634
2023-08,Referral,Tier2,5818.73,24094,543,34,125,CAMP_01635
2023-08,Influencer,North,13409.14,89781,2179,85,142,CAMP_01636
2023-08,Influencer,South,12157.77,98543,2229,71,142,CAMP_01637
2023-08,Influencer,East,10529.92,92439,1821,66,129,CAMP_01638
2023-08,Influencer,West,10370.93,92939,2233,71,129,CAMP_01639
2023-08,Influencer,Tier2,9208.64,60591,1469,50,103,CAMP_01640
2023-09,Paid Ads,North,28607.45,263471,6758,260,416,CAMP_01641
2023-09,Paid Ads,South,29376.11,227992,5462,244,416,CAMP_01642
2023-09,Paid Ads,East,24183.53,218336,6384,218,378,CAMP_01643
2023-09,Paid Ads,West,29834.01,230317,6787,243,378,CAMP_01644
2023-09,Paid Ads,Tier2,19397.52,167252,4111,172,302,CAMP_01645
2023-09,Organic,North,4018.52,72122,1219,85,302,CAMP_01646
2023-09,Organic,South,3548.27,56305,962,61,302,CAMP_01647
2023-09,Organic,East,3624.07,60110,881,52,274,CAMP_01648
2023-09,Organic,West,3608.72,63327,1006,65,274,CAMP_01649
2023-09,Organic,Tier2,2840.29,45766,694,47,219,CAMP_01650
2023-09,Referral,North,9429.24,42332,910,47,184,CAMP_01651
2023-09,Referral,South,8612.97,36862,762,43,184,CAMP_01652
2023-09,Referral,East,8151.33,36795,798,45,168,CAMP_01653
2023-09,Referral,West,7901.39,37012,655,37,168,CAMP_01654
2023-09,Referral,Tier2,6672.43,28971,605,30,134,CAMP_01655
2023-09,Influencer,North,11305.46,89711,1981,70,158,CAMP_01656
2023-09,Influencer,South,11698.05,87988,2025,66,158,CAMP_01657
2023-09,Influencer,East,10802.25,83856,1815,69,144,CAMP_01658
2023-09,Influencer,West,10678.39,85071,1950,59,144,CAMP_01659
2023-09,Influencer,Tier2,8707.93,75044,1796,72,115,CAMP_01660
2023-10,Paid Ads,North,34475.87,288336,8320,300,523,CAMP_01661
2023-10,Paid Ads,South,35630.39,322934,9747,399,523,CAMP_01662
2023-10,Paid Ads,East,31742.06,262942,6353,262,476,CAMP_01663
2023-10,Paid Ads,West,34474.68,280547,7402,306,476,CAMP_01664
2023-10,Paid Ads,Tier2,24886.69,213384,5370,221,380,CAMP_01665
2023-10,Organic,North,4288.18,77916,1310,93,381,CAMP_01666
2023-10,Organic,South,4746.65,79478,1317,88,381,CAMP_01667
2023-10,Organic,East,3913.56,81133,1102,66,347,CAMP_01668
2023-10,Organic,West,4361.34,64955,1025,74,347,CAMP_01669
2023-10,Organic,Tier2,3537.48,66315,898,58,277,CAMP_01670
2023-10,Referral,North,12155.41,45335,900,46,218,CAMP_01671
2023-10,Referral,South,11645.1,48372,995,50,218,CAMP_01672
2023-10,Referral,East,11549.9,43854,754,46,199,CAMP_01673
2023-10,Referral,West,10378.68,37620,776,50,199,CAMP_01674
2023-10,Referral,Tier2,8449.6,38905,795,44,159,CAMP_01675
2023-10,Influencer,North,25024.88,109062,2664,80,215,CAMP_01676
2023-10,Influencer,South,24999.37,107636,2496,83,215,CAMP_01677
2023-10,Influencer,East,20165.58,122689,2886,88,195,CAMP_01678
2023-10,Influencer,West,17656.1,98020,2404,87,195,CAMP_01679
2023-10,Influencer,Tier2,16050.24,83178,1575,49,156,CAMP_01680
2023-11,Paid Ads,North,36360.01,356490,9795,393,575,CAMP_01681
2023-11,Paid Ads,South,34116.27,280545,6846,312,575,CAMP_01682
2023-11,Paid Ads,East,36094.53,317830,9694,442,522,CAMP_01683
2023-11,Paid Ads,West,39100.46,299190,9097,354,522,CAMP_01684
2023-11,Paid Ads,Tier2,30941.85,244716,6184,268,418,CAMP_01685
2023-11,Organic,North,5293.34,74400,1017,57,404,CAMP_01686
2023-11,Organic,South,4938.82,82917,1323,80,404,CAMP_01687
2023-11,Organic,East,4101.32,72530,977,65,368,CAMP_01688
2023-11,Organic,West,4582.87,70368,920,54,368,CAMP_01689
2023-11,Organic,Tier2,3873.25,57494,809,50,294,CAMP_01690
2023-11,Referral,North,11749.04,44418,900,49,232,CAMP_01691
2023-11,Referral,South,12609.47,46066,1007,59,232,CAMP_01692
2023-11,Referral,East,10769.69,44446,952,47,211,CAMP_01693
2023-11,Referral,West,10759.68,44473,838,47,211,CAMP_01694
2023-11,Referral,Tier2,7487.66,34772,678,37,169,CAMP_01695
2023-11,Influencer,North,24779.43,108283,2674,89,208,CAMP_01696
2023-11,Influencer,South,24276.77,134690,2993,99,208,CAMP_01697
2023-11,Influencer,East,20058.1,97181,2310,84,189,CAMP_01698
2023-11,Influencer,West,19387.19,126043,2795,98,189,CAMP_01699
2023-11,Influencer,Tier2,15517.94,78446,1718,60,151,CAMP_01700
2023-12,Paid Ads,North,43076.89,340787,10946,434,563,CAMP_01701
2023-12,Paid Ads,South,42468.68,354617,10283,379,563,CAMP_01702
2023-12,Paid Ads,East,31233.3,326887,8900,366,512,CAMP_01703
2023-12,Paid Ads,West,36757.05,333861,9707,424,512,CAMP_01704
2023-12,Paid Ads,Tier2,26728.2,214562,5296,183,409,CAMP_01705
2023-12,Organic,North,5074.81,89195,1318,83,381,CAMP_01706
2023-12,Organic,South,4673.89,88701,1229,73,381,CAMP_01707
2023-12,Organic,East,4355.66,63730,889,61,346,CAMP_01708
2023-12,Organic,West,4537,82267,1063,74,346,CAMP_01709
2023-12,Organic,Tier2,3281.33,66952,937,62,277,CAMP_01710
2023-12,Referral,North,10150.52,48374,973,49,248,CAMP_01711
2023-12,Referral,South,10128.89,48608,835,43,248,CAMP_01712
2023-12,Referral,East,9597.26,40202,841,52,226,CAMP_01713
2023-12,Referral,West,10677.13,43809,971,59,226,CAMP_01714
2023-12,Referral,Tier2,7292.44,30697,526,30,180,CAMP_01715
2023-12,Influencer,North,21693.28,115790,2839,92,220,CAMP_01716
2023-12,Influencer,South,21752.06,128243,2943,101,220,CAMP_01717
2023-12,Influencer,East,19041.65,124661,3092,113,200,CAMP_01718
2023-12,Influencer,West,20628.3,125940,3052,113,200,CAMP_01719
2023-12,Influencer,Tier2,14647.22,81089,1730,57,160,CAMP_01720
2024-01,Paid Ads,North,28252.07,227346,7208,303,366,CAMP_01721
2024-01,Paid Ads,South,28746.74,267178,6675,302,366,CAMP_01722
2024-01,Paid Ads,East,26999,208446,5595,235,333,CAMP_01723
2024-01,Paid Ads,West,25655.43,244127,6914,293,333,CAMP_01724
2024-01,Paid Ads,Tier2,20164.12,191860,5905,257,266,CAMP_01725
2024-01,Organic,North,3620.03,51196,721,43,261,CAMP_01726
2024-01,Organic,South,3400.13,65041,967,66,261,CAMP_01727
2024-01,Organic,East,3581.72,56488,950,66,238,CAMP_01728
2024-01,Organic,West,3515.21,53191,886,57,238,CAMP_01729
2024-01,Organic,Tier2,2327.82,43858,751,50,190,CAMP_01730
2024-01,Referral,North,7847.18,38224,732,46,159,CAMP_01731
2024-01,Referral,South,7699.36,35317,717,35,159,CAMP_01732
2024-01,Referral,East,7909.04,34342,741,49,145,CAMP_01733
2024-01,Referral,West,7185.79,27913,500,32,145,CAMP_01734
2024-01,Referral,Tier2,5611.43,26936,560,33,116,CAMP_01735
2024-01,Influencer,North,11841.39,99866,2325,90,130,CAMP_01736
2024-01,Influencer,South,10632.68,92528,2133,76,130,CAMP_01737
2024-01,Influencer,East,9688.72,76037,1589,62,118,CAMP_01738
2024-01,Influencer,West,10062.76,77024,1685,51,118,CAMP_01739
2024-01,Influencer,Tier2,8871.53,55050,1373,47,95,CAMP_01740
2024-02,Paid Ads,North,33041.2,325730,9763,423,476,CAMP_01741
2024-02,Paid Ads,South,37105.58,308695,8894,305,476,CAMP_01742
2024-02,Paid Ads,East,34485.11,293293,8270,313,433,CAMP_01743
2024-02,Paid Ads,West,32172.08,308547,9843,417,433,CAMP_01744
2024-02,Paid Ads,Tier2,27875.95,214082,5986,221,346,CAMP_01745
2024-02,Organic,North,4630.32,74401,1014,66,338,CAMP_01746
2024-02,Organic,South,4857.67,76829,1241,75,338,CAMP_01747
2024-02,Organic,East,3946.88,72371,1185,69,307,CAMP_01748
2024-02,Organic,West,4467.43,78826,1074,60,307,CAMP_01749
2024-02,Organic,Tier2,3632.26,53067,709,48,246,CAMP_01750
2024-02,Referral,North,10579.79,44834,905,59,195,CAMP_01751
2024-02,Referral,South,9610.77,49722,989,50,195,CAMP_01752
2024-02,Referral,East,8837.83,44680,928,53,177,CAMP_01753
2024-02,Referral,West,9500.57,43854,955,58,177,CAMP_01754
2024-02,Referral,Tier2,8129.42,31740,699,40,142,CAMP_01755
2024-02,Influencer,North,13549.19,99640,2099,64,191,CAMP_01756
2024-02,Influencer,South,14628,98175,2321,76,191,CAMP_01757
2024-02,Influencer,East,14128.04,96979,2291,70,174,CAMP_01758
2024-02,Influencer,West,14446.85,89627,2222,88,174,CAMP_01759
2024-02,Influencer,Tier2,10629.52,76957,1572,59,139,CAMP_01760
2024-03,Paid Ads,North,35406.9,342100,10481,382,480,CAMP_01761
2024-03,Paid Ads,South,36729.81,320950,9983,442,480,CAMP_01762
2024-03,Paid Ads,East,32243.61,262523,6414,275,437,CAMP_01763
2024-03,Paid Ads,West,33696.16,313933,8809,379,437,CAMP_01764
2024-03,Paid Ads,Tier2,25569.18,238732,7328,279,349,CAMP_01765
2024-03,Organic,North,4404.12,72749,1062,59,341,CAMP_01766
2024-03,Organic,South,4363.09,74259,1068,69,341,CAMP_01767
2024-03,Organic,East,3893.55,69507,1147,64,310,CAMP_01768
2024-03,Organic,West,4121.86,69630,1120,82,310,CAMP_01769
2024-03,Organic,Tier2,3266.13,48044,790,44,248,CAMP_01770
2024-03,Referral,North,9920.78,46664,1002,57,210,CAMP_01771
2024-03,Referral,South,11444.12,44911,894,50,210,CAMP_01772
2024-03,Referral,East,10083.64,35309,717,35,191,CAMP_01773
2024-03,Referral,West,9468.71,44368,908,51,191,CAMP_01774
2024-03,Referral,Tier2,8429.49,30927,589,35,152,CAMP_01775
2024-03,Influencer,North,12960.76,103560,2331,69,184,CAMP_01776
2024-03,Influencer,South,13187.75,125587,2542,94,184,CAMP_01777
2024-03,Influencer,East,14090.37,101876,2163,64,168,CAMP_01778
2024-03,Influencer,West,14153.07,106817,2059,62,168,CAMP_01779
2024-03,Influencer,Tier2,11185.71,84526,1965,61,134,CAMP_01780
2024-04,Paid Ads,North,37065.32,346148,9012,363,539,CAMP_01781
2024-04,Paid Ads,South,37680.59,308075,9261,316,539,CAMP_01782
2024-04,Paid Ads,East,31742.63,246598,6190,270,490,CAMP_01783
2024-04,Paid Ads,West,31258.22,293865,8859,384,490,CAMP_01784
2024-04,Paid Ads,Tier2,25070.81,250973,6827,262,392,CAMP_01785
2024-04,Organic,North,4412.99,75106,1212,73,372,CAMP_01786
2024-04,Organic,South,4996.44,65488,1060,72,372,CAMP_01787
2024-04,Organic,East,4426.45,63843,1022,61,338,CAMP_01788
2024-04,Organic,West,3988.27,58944,991,59,338,CAMP_01789
2024-04,Organic,Tier2,3311.29,58851,776,45,270,CAMP_01790
2024-04,Referral,North,11852.03,42588,910,53,224,CAMP_01791
2024-04,Referral,South,11100.47,43114,909,45,224,CAMP_01792
2024-04,Referral,East,10509.22,46695,938,48,204,CAMP_01793
2024-04,Referral,West,9538.35,41752,834,42,204,CAMP_01794
2024-04,Referral,Tier2,8642.55,38035,780,42,163,CAMP_01795
2024-04,Influencer,North,13800.32,100985,2215,84,199,CAMP_01796
2024-04,Influencer,South,14087.9,129578,3060,109,199,CAMP_01797
2024-04,Influencer,East,11802.8,104690,2342,82,181,CAMP_01798
2024-04,Influencer,West,12926.68,95137,2400,75,181,CAMP_01799
2024-04,Influencer,Tier2,10109.24,92083,2277,85,145,CAMP_01800
2024-05,Paid Ads,North,31849.24,280919,7921,347,538,CAMP_01801
2024-05,Paid Ads,South,38506.22,330341,9283,346,538,CAMP_01802
2024-05,Paid Ads,East,33238.21,277001,7035,243,489,CAMP_01803
2024-05,Paid Ads,West,36257.53,306350,9703,435,489,CAMP_01804
2024-05,Paid Ads,Tier2,24228.82,241262,7037,290,391,CAMP_01805
2024-05,Organic,North,4623.67,75160,1094,64,376,CAMP_01806
2024-05,Organic,South,4751.28,66350,1032,67,376,CAMP_01807
2024-05,Organic,East,4329.81,77836,1162,66,342,CAMP_01808
2024-05,Organic,West,3698.87,74940,1217,74,342,CAMP_01809
2024-05,Organic,Tier2,3110.55,59991,877,49,273,CAMP_01810
2024-05,Referral,North,11302.81,48841,1118,61,219,CAMP_01811
2024-05,Referral,South,11451.72,39930,749,44,219,CAMP_01812
2024-05,Referral,East,10420.42,45851,977,61,199,CAMP_01813
2024-05,Referral,West,8837.3,39433,784,41,199,CAMP_01814
2024-05,Referral,Tier2,7277.13,37131,683,39,159,CAMP_01815
2024-05,Influencer,North,15057.41,97562,2024,69,202,CAMP_01816
2024-05,Influencer,South,14978.05,126123,2903,95,202,CAMP_01817
2024-05,Influencer,East,12612.07,96213,2431,84,183,CAMP_01818
2024-05,Influencer,West,13172.27,99086,2062,74,183,CAMP_01819
2024-05,Influencer,Tier2,9823.63,81723,2044,65,147,CAMP_01820
2024-06,Paid Ads,North,40943.25,317823,8596,322,627,CAMP_01821
2024-06,Paid Ads,South,35234.88,292951,7558,259,627,CAMP_01822
2024-06,Paid Ads,East,35203.89,329249,8800,315,570,CAMP_01823
2024-06,Paid Ads,West,32614.89,282657,6759,264,570,CAMP_01824
2024-06,Paid Ads,Tier2,30971.27,240458,7390,277,456,CAMP_01825
2024-06,Organic,North,5349.93,87409,1391,88,436,CAMP_01826
2024-06,Organic,South,5158.75,93272,1289,93,436,CAMP_01827
2024-06,Organic,East,4853.83,76781,1316,89,396,CAMP_01828
2024-06,Organic,West,4214.91,85723,1216,89,396,CAMP_01829
2024-06,Organic,Tier2,3572.91,65832,983,57,317,CAMP_01830
2024-06,Referral,North,12822.26,49803,864,54,259,CAMP_01831
2024-06,Referral,South,13020.96,42775,791,49,259,CAMP_01832
2024-06,Referral,East,10905.46,51083,991,50,235,CAMP_01833
2024-06,Referral,West,9814.43,43554,747,42,235,CAMP_01834
2024-06,Referral,Tier2,8816.08,40776,790,40,188,CAMP_01835
2024-06,Influencer,North,19599.68,143922,3638,139,231,CAMP_01836
2024-06,Influencer,South,18529.04,109278,2341,84,231,CAMP_01837
2024-06,Influencer,East,16571.47,97847,1893,75,210,CAMP_01838
2024-06,Influencer,West,16287.63,125510,2593,96,210,CAMP_01839
2024-06,Influencer,Tier2,13579.94,94819,2388,84,168,CAMP_01840
2024-07,Paid Ads,North,44116.72,312781,9337,391,621,CAMP_01841
2024-07,Paid Ads,South,36781.98,284459,7373,287,621,CAMP_01842
2024-07,Paid Ads,East,32342.6,294953,7563,337,565,CAMP_01843
2024-07,Paid Ads,West,33411.81,277499,8227,328,565,CAMP_01844
2024-07,Paid Ads,Tier2,31251.86,260484,6327,284,452,CAMP_01845
2024-07,Organic,North,5252.88,92370,1285,74,450,CAMP_01846
2024-07,Organic,South,5456.21,95825,1297,95,450,CAMP_01847
2024-07,Organic,East,4608.22,72186,1099,61,409,CAMP_01848
2024-07,Organic,West,4506.27,73793,1005,71,409,CAMP_01849
2024-07,Organic,Tier2,3432.54,52634,687,38,327,CAMP_01850
2024-07,Referral,North,11117.39,45519,892,44,261,CAMP_01851
2024-07,Referral,South,11977,56863,1039,65,261,CAMP_01852
2024-07,Referral,East,9607.63,48612,1091,60,237,CAMP_01853
2024-07,Referral,West,10834.87,39124,805,44,237,CAMP_01854
2024-07,Referral,Tier2,9201.16,36798,804,52,190,CAMP_01855
2024-07,Influencer,North,19077.49,115399,2840,105,224,CAMP_01856
2024-07,Influencer,South,18390.43,131381,2675,98,224,CAMP_01857
2024-07,Influencer,East,18968.64,117606,2751,85,204,CAMP_01858
2024-07,Influencer,West,18307.9,100367,2080,71,204,CAMP_01859
2024-07,Influencer,Tier2,14522.04,95873,1965,76,163,CAMP_01860
2024-08,Paid Ads,North,37049.74,299910,7984,339,535,CAMP_01861
2024-08,Paid Ads,South,36643.76,292328,8887,315,535,CAMP_01862
2024-08,Paid Ads,East,29831.87,286661,7762,348,487,CAMP_01863
2024-08,Paid Ads,West,35243.88,258640,6460,296,487,CAMP_01864
2024-08,Paid Ads,Tier2,25724,243735,5946,221,389,CAMP_01865
2024-08,Organic,North,4463.33,82334,1220,68,404,CAMP_01866
2024-08,Organic,South,4845.32,79667,1138,82,404,CAMP_01867
2024-08,Organic,East,4459.93,60387,961,53,368,CAMP_01868
2024-08,Organic,West,4427.69,73389,936,63,368,CAMP_01869
2024-08,Organic,Tier2,3477.51,61933,825,54,294,CAMP_01870
2024-08,Referral,North,10682.25,44698,826,46,236,CAMP_01871
2024-08,Referral,South,11137.65,49572,1025,63,236,CAMP_01872
2024-08,Referral,East,8867.5,37840,800,42,214,CAMP_01873
2024-08,Referral,West,9276.01,38347,817,52,214,CAMP_01874
2024-08,Referral,Tier2,8592.89,31593,589,37,171,CAMP_01875
2024-08,Influencer,North,13450.28,129146,2892,102,205,CAMP_01876
2024-08,Influencer,South,15733.21,119796,3017,91,205,CAMP_01877
2024-08,Influencer,East,13705.09,93143,1803,63,186,CAMP_01878
2024-08,Influencer,West,11788.78,105250,2465,89,186,CAMP_01879
2024-08,Influencer,Tier2,9440.8,76110,1448,53,149,CAMP_01880
2024-09,Paid Ads,North,32998.36,284818,7775,294,616,CAMP_01881
2024-09,Paid Ads,South,36781.57,349377,11040,378,616,CAMP_01882
2024-09,Paid Ads,East,29147.93,246807,7669,320,560,CAMP_01883
2024-09,Paid Ads,West,34715.73,241867,6428,244,560,CAMP_01884
2024-09,Paid Ads,Tier2,28914.79,191741,5548,247,448,CAMP_01885
2024-09,Organic,North,4701.75,64902,997,64,430,CAMP_01886
2024-09,Organic,South,4951.98,83106,1186,71,430,CAMP_01887
2024-09,Organic,East,4098.35,63192,832,60,391,CAMP_01888
2024-09,Organic,West,3702.48,67553,974,56,391,CAMP_01889
2024-09,Organic,Tier2,3274.9,52810,831,46,312,CAMP_01890
2024-09,Referral,North,11439.39,39996,912,51,254,CAMP_01891
2024-09,Referral,South,10383.83,46789,849,51,254,CAMP_01892
2024-09,Referral,East,10720.96,44710,764,43,231,CAMP_01893
2024-09,Referral,West,10459.47,35725,783,48,231,CAMP_01894
2024-09,Referral,Tier2,7463.04,33800,776,46,185,CAMP_01895
2024-09,Influencer,North,14646.04,105973,2189,70,216,CAMP_01896
2024-09,Influencer,South,12861.85,125688,2545,87,216,CAMP_01897
2024-09,Influencer,East,12804.21,118117,2558,102,196,CAMP_01898
2024-09,Influencer,West,12874.44,101833,2569,94,196,CAMP_01899
2024-09,Influencer,Tier2,9310.21,70881,1498,56,157,CAMP_01900
2024-10,Paid Ads,North,51525.35,398962,11943,503,750,CAMP_01901
2024-10,Paid Ads,South,41220.72,399071,10345,364,750,CAMP_01902
2024-10,Paid Ads,East,40308.68,325552,9885,380,682,CAMP_01903
2024-10,Paid Ads,West,38209.18,398932,10933,486,682,CAMP_01904
2024-10,Paid Ads,Tier2,35158.59,299555,9071,394,545,CAMP_01905
2024-10,Organic,North,5835.6,103249,1608,98,518,CAMP_01906
2024-10,Organic,South,6216.12,102049,1745,116,518,CAMP_01907
2024-10,Organic,East,5591.49,75245,970,62,471,CAMP_01908
2024-10,Organic,West,4947.12,82218,1150,67,471,CAMP_01909
2024-10,Organic,Tier2,4409.27,63605,938,59,377,CAMP_01910
2024-10,Referral,North,13780.41,64485,1124,74,329,CAMP_01911
2024-10,Referral,South,13890.02,61077,1262,75,329,CAMP_01912
2024-10,Referral,East,12322.91,46405,811,42,299,CAMP_01913
2024-10,Referral,West,11196.56,46275,815,41,299,CAMP_01914
2024-10,Referral,Tier2,9663.21,39014,836,41,239,CAMP_01915
2024-10,Influencer,North,26467.31,146705,3045,113,281,CAMP_01916
2024-10,Influencer,South,25982.98,124693,3097,113,281,CAMP_01917
2024-10,Influencer,East,25788.18,118902,2266,85,255,CAMP_01918
2024-10,Influencer,West,25573.23,147848,3738,137,255,CAMP_01919
2024-10,Influencer,Tier2,17586.64,109361,2279,88,204,CAMP_01920
2024-11,Paid Ads,North,42745.68,441973,12251,560,806,CAMP_01921
2024-11,Paid Ads,South,43092.65,368999,9990,442,806,CAMP_01922
2024-11,Paid Ads,East,44150.28,391038,9351,379,733,CAMP_01923
2024-11,Paid Ads,West,39643.39,387266,11188,463,733,CAMP_01924
2024-11,Paid Ads,Tier2,30809.99,251172,6621,295,586,CAMP_01925
2024-11,Organic,North,5262.37,100479,1387,101,573,CAMP_01926
2024-11,Organic,South,6212.57,104986,1400,98,573,CAMP_01927
2024-11,Organic,East,5647.07,75887,1198,77,521,CAMP_01928
2024-11,Organic,West,5021.69,77829,1051,67,521,CAMP_01929
2024-11,Organic,Tier2,4502.87,62944,1033,66,417,CAMP_01930
2024-11,Referral,North,13356.36,63984,1282,71,350,CAMP_01931
2024-11,Referral,South,13677.24,54122,1039,66,350,CAMP_01932
2024-11,Referral,East,11025.74,53991,919,50,318,CAMP_01933
2024-11,Referral,West,11482.74,52505,1155,60,318,CAMP_01934
2024-11,Referral,Tier2,10356.66,37913,838,47,254,CAMP_01935
2024-11,Influencer,North,23636.85,142666,3324,100,297,CAMP_01936
2024-11,Influencer,South,27956.77,135769,2631,95,297,CAMP_01937
2024-11,Influencer,East,24051.54,116072,2507,95,270,CAMP_01938
2024-11,Influencer,West,22997.02,134460,2610,100,270,CAMP_01939
2024-11,Influencer,Tier2,19324.06,110200,2675,80,216,CAMP_01940
2024-12,Paid Ads,North,43609.41,422286,12606,435,788,CAMP_01941
2024-12,Paid Ads,South,42969.65,344356,8575,317,788,CAMP_01942
2024-12,Paid Ads,East,42386.47,390213,12213,445,716,CAMP_01943
2024-12,Paid Ads,West,44190.32,325499,8586,319,716,CAMP_01944
2024-12,Paid Ads,Tier2,30646.57,294701,9220,315,573,CAMP_01945
2024-12,Organic,North,5599.05,97044,1541,103,535,CAMP_01946
2024-12,Organic,South,6396.12,107332,1508,95,535,CAMP_01947
2024-12,Organic,East,5292.53,83382,1200,69,486,CAMP_01948
2024-12,Organic,West,5609.45,95196,1347,85,486,CAMP_01949
2024-12,Organic,Tier2,3799.66,80998,1261,69,389,CAMP_01950
2024-12,Referral,North,12366.49,63075,1301,81,331,CAMP_01951
2024-12,Referral,South,13465.72,62089,1256,68,331,CAMP_01952
2024-12,Referral,East,13224.53,51765,1144,71,301,CAMP_01953
2024-12,Referral,West,13447.86,55311,1224,65,301,CAMP_01954
2024-12,Referral,Tier2,9173.46,48004,932,46,240,CAMP_01955
2024-12,Influencer,North,26280.83,143209,3609,118,291,CAMP_01956
2024-12,Influencer,South,28425.11,146149,3306,132,291,CAMP_01957
2024-12,Influencer,East,26126.1,141660,3023,109,265,CAMP_01958
2024-12,Influencer,West,23521.89,151463,3404,125,265,CAMP_01959
2024-12,Influencer,Tier2,16867.87,97763,2246,74,212,CAMP_01960
